<powerpagecomponent powerpagecomponentid="60c8c831-4f7b-4005-8c51-60a85ce86c6d">
  <content>{"display_name":"Account/Confirm Email/Email Label","type":756150000,"value":"E-mail"}</content>
  <iscustomizable>1</iscustomizable>
  <name>Account/ConfirmEmail/EmailLabel</name>
  <powerpagecomponenttype>7</powerpagecomponenttype>
  <powerpagesiteid>
    <powerpagesiteid>6dc36fbc-1f20-4641-8e41-bf3fb5b9a72a</powerpagesiteid>
  </powerpagesiteid>
  <powerpagesitelanguageid>
    <powerpagesitelanguageid>d1f8d8ba-31d1-4964-9d0a-be4e20c8ecd2</powerpagesitelanguageid>
  </powerpagesitelanguageid>
  <statecode>0</statecode>
  <statuscode>1</statuscode>
</powerpagecomponent>