<powerpagecomponent powerpagecomponentid="e20dfc46-96b8-4107-b1db-6c745d55884a">
  <content>{"source":"{% assign weblink_set_name = weblink_set_name %}\r\n\r\n{% assign showdescriptions = showdescriptions | default: false %}\r\n\r\n{% if weblink_set_name %}\r\n  {% assign weblink_set = weblinks[weblink_set_name] %}\r\n  {% if weblink_set %}\r\n    {% if showdescriptions %}\r\n      &lt;div class=\"{% if weblink_set.editable %}xrm-entity xrm-editable-adx_weblinkset{% endif %}\"&gt;\r\n        &lt;div class=\"list-group weblinks\"&gt;\r\n          {% for link in weblink_set.weblinks %}\r\n            &lt;a class=\" list-group-item-action list-group-item weblink\" href=\"{{ link.url | h }}\" title=\"{{ link.tooltip | h }}\"&gt;\r\n              &lt;h4 class=\"list-group-item-heading weblink-name\"&gt;{{ link.name | h }}&lt;/h4&gt;\r\n              &lt;div class=\"list-group-item-text weblink-description\"&gt;\r\n                {{ link.description | strip_html | text_to_html  }}\r\n              &lt;/div&gt;\r\n            &lt;/a&gt;\r\n          {% endfor %}\r\n        &lt;/div&gt;\r\n        {% editable weblink_set %}\r\n      &lt;/div&gt;\r\n    {% else %}\r\n      &lt;div class=\"card      {% if weblink_set.editable %}xrm-entity xrm-editable-adx_weblinkset{% endif %}\"&gt;\r\n        &lt;div class=\"card-header\"&gt;\r\n          &lt;div class=\"card-title\"&gt;&lt;span class=\"fa fa-bars\" aria-hidden=\"true\" style=\"font-size: 14px;\"&gt;&lt;/span&gt;  {{ snippets[\"Related Links Navigation Heading\"] | default:\"Related Links\" | h }}&lt;/div&gt;\r\n        &lt;/div&gt;\r\n        &lt;div class=\"weblinks list-group\"&gt;\r\n          {% for link in weblink_set.weblinks %}\r\n            &lt;a class=\" list-group-item-action weblink list-group-item\" href=\"{{ link.url | h }}\" title=\"{{ link.tooltip | h }}\"&gt;\r\n              {% if link.image %}\r\n                {% if link.image.url startswith '.' %}\r\n                  &lt;span class=\"{{ link.image.url | split:'.' | join | h }}\" aria-hidden=\"true\"&gt;&lt;/span&gt;\r\n                {% else %}\r\n                  &lt;img src=\"{{ link.image.url | h }}\" alt=\"{{ link.image.alternate_text | h }}\" /&gt;\r\n                {% endif %}\r\n              {% endif %}\r\n              {{ link.name | h }}\r\n            &lt;/a&gt;\r\n          {% endfor %}\r\n        &lt;/div&gt;\r\n      {% editable weblink_set %}\r\n      &lt;/div&gt;\r\n  {% endif %}\r\n {% endif %}\r\n{% endif %}\r\n"}</content>
  <iscustomizable>1</iscustomizable>
  <name>Weblink List Group</name>
  <powerpagecomponenttype>8</powerpagecomponenttype>
  <powerpagesiteid>
    <powerpagesiteid>6dc36fbc-1f20-4641-8e41-bf3fb5b9a72a</powerpagesiteid>
  </powerpagesiteid>
  <statecode>0</statecode>
  <statuscode>1</statuscode>
</powerpagecomponent>