<powerpagecomponent powerpagecomponentid="1e60c585-cf8c-4403-bd9b-6437b7f3bc6a">
  <content>{"disablepagevalidation":false,"displayimageonly":false,"displayorder":1,"displaypagechildlinks":false,"openinnewwindow":false,"pageid":"28a5fa6d-a1ae-44ac-aa01-92e9ab066c1d","parentweblinkid":"3482dc11-3729-4937-9336-0bd928d1f8fc","publishingstateid":"9b9e528b-c84c-4cb4-afaa-56d94d4eb921","robotsfollowlink":true,"weblinksetid":"b80db80b-f766-4514-b539-ab98f5109bff"}</content>
  <iscustomizable>1</iscustomizable>
  <name>Subpage 1</name>
  <powerpagecomponenttype>5</powerpagecomponenttype>
  <powerpagesiteid>
    <powerpagesiteid>6dc36fbc-1f20-4641-8e41-bf3fb5b9a72a</powerpagesiteid>
  </powerpagesiteid>
  <statecode>0</statecode>
  <statuscode>1</statuscode>
</powerpagecomponent>