<powerpagecomponent powerpagecomponentid="916b0dc5-1f38-4eb8-af09-b0f08c925143">
  <content>{
  "filecontent": null,
  "displayorder": 11,
  "enablerating": false,
  "enabletracking": false,
  "excludefromsearch": false,
  "feedbackpolicy": 756150000,
  "hiddenfromsitemap": false,
  "isroot": true,
  "pagetemplateid": "9667a70c-0a7e-4925-8878-8f4802b5e7f9",
  "parentpageid": "7f86bc5a-e9eb-4558-a54a-aff1f37057aa",
  "partialurl": "subpage-2-deleted",
  "publishingstateid": "9b9e528b-c84c-4cb4-afaa-56d94d4eb921",
  "sharedpageconfiguration": false,
  "title": "Subpage 2"
}</content>
  <iscustomizable>1</iscustomizable>
  <name>Subpage 2-deleted</name>
  <powerpagecomponenttype>2</powerpagecomponenttype>
  <powerpagesiteid>
    <powerpagesiteid>6dc36fbc-1f20-4641-8e41-bf3fb5b9a72a</powerpagesiteid>
  </powerpagesiteid>
  <searchcontent>Subpage 2Subpage 2-deleted</searchcontent>
  <statecode>1</statecode>
  <statuscode>2</statuscode>
</powerpagecomponent>