<powerpagecomponent powerpagecomponentid="1b08d5b1-9bd1-4022-a980-05c3990e7aa5">
  <content>{"display_name":"Account/Confirm Email/Confirm Email Form Heading","type":756150000,"value":"Confirm E-mail"}</content>
  <iscustomizable>1</iscustomizable>
  <name>Account/ConfirmEmail/ConfirmEmailFormHeading</name>
  <powerpagecomponenttype>7</powerpagecomponenttype>
  <powerpagesiteid>
    <powerpagesiteid>6dc36fbc-1f20-4641-8e41-bf3fb5b9a72a</powerpagesiteid>
  </powerpagesiteid>
  <powerpagesitelanguageid>
    <powerpagesitelanguageid>d1f8d8ba-31d1-4964-9d0a-be4e20c8ecd2</powerpagesitelanguageid>
  </powerpagesitelanguageid>
  <statecode>0</statecode>
  <statuscode>1</statuscode>
</powerpagecomponent>