<powerpagecomponent powerpagecomponentid="7b69a989-e620-4d26-ba84-83f1ef1fcbce">
  <content>{"display_name":"Login/ACS/Heading","type":756150000,"value":"Sign in to Starter Portal"}</content>
  <iscustomizable>1</iscustomizable>
  <name>Login/ACS/Heading</name>
  <powerpagecomponenttype>7</powerpagecomponenttype>
  <powerpagesiteid>
    <powerpagesiteid>6dc36fbc-1f20-4641-8e41-bf3fb5b9a72a</powerpagesiteid>
  </powerpagesiteid>
  <powerpagesitelanguageid>
    <powerpagesitelanguageid>d1f8d8ba-31d1-4964-9d0a-be4e20c8ecd2</powerpagesitelanguageid>
  </powerpagesitelanguageid>
  <statecode>0</statecode>
  <statuscode>1</statuscode>
</powerpagecomponent>