<powerpagecomponent powerpagecomponentid="eba9ae71-3ab4-4656-a896-8e24e6b0b8d4">
  <content>{"adx_websiteaccess_webrole":["d4b1428c-cfea-4357-ab7c-4882bfbf0dfb"],"managecontentsnippets":true,"managesitemarkers":true,"manageweblinksets":true,"previewunpublishedentities":true}</content>
  <iscustomizable>1</iscustomizable>
  <name>Administrative permissions for Basic Portal</name>
  <powerpagecomponenttype>12</powerpagecomponenttype>
  <powerpagesiteid>
    <powerpagesiteid>6dc36fbc-1f20-4641-8e41-bf3fb5b9a72a</powerpagesiteid>
  </powerpagesiteid>
  <statecode>0</statecode>
  <statuscode>1</statuscode>
</powerpagecomponent>