<powerpagecomponent powerpagecomponentid="4a71b5a7-a619-d591-a558-267a1c70ad9e">
  <content>{
  "displayorder": 7,
  "customcss": "",
  "customjavascript": "",
  "pagetemplateid": "9667a70c-0a7e-4925-8878-8f4802b5e7f9",
  "parentpageid": "7f86bc5a-e9eb-4558-a54a-aff1f37057aa",
  "partialurl": "Task",
  "isroot": true,
  "title": "Task",
  "summary": "&lt;p&gt;This is a sample landing page designed to be a starting point for your website&lt;/p&gt;",
  "copy": "",
  "publishingstateid": "9b9e528b-c84c-4cb4-afaa-56d94d4eb921",
  "enablerating": false,
  "enabletracking": false,
  "excludefromsearch": false,
  "hiddenfromsitemap": true,
  "sharedpageconfiguration": false
}</content>
  <iscustomizable>1</iscustomizable>
  <name>Task</name>
  <powerpagecomponenttype>2</powerpagecomponenttype>
  <powerpagesiteid>
    <powerpagesiteid>6dc36fbc-1f20-4641-8e41-bf3fb5b9a72a</powerpagesiteid>
  </powerpagesiteid>
  <searchcontent>TaskTask</searchcontent>
  <statecode>0</statecode>
  <statuscode>1</statuscode>
</powerpagecomponent>