<powerpagecomponent powerpagecomponentid="7aa43791-c96d-4819-852b-96b00f889aaf">
  <content>{"display_name":"Page Published On Prefix","type":756150000,"value":"It was published"}</content>
  <iscustomizable>1</iscustomizable>
  <name>Page Published On Prefix</name>
  <powerpagecomponenttype>7</powerpagecomponenttype>
  <powerpagesiteid>
    <powerpagesiteid>6dc36fbc-1f20-4641-8e41-bf3fb5b9a72a</powerpagesiteid>
  </powerpagesiteid>
  <powerpagesitelanguageid>
    <powerpagesitelanguageid>d1f8d8ba-31d1-4964-9d0a-be4e20c8ecd2</powerpagesitelanguageid>
  </powerpagesitelanguageid>
  <statecode>0</statecode>
  <statuscode>1</statuscode>
</powerpagecomponent>