<powerpagecomponent powerpagecomponentid="742bcde0-cf7d-462b-b1b4-ab8bd2ede5a3">
  <content>{"display_name":"Account/Change Email/Email Label","type":756150000,"value":"E-mail"}</content>
  <iscustomizable>1</iscustomizable>
  <name>Account/ChangeEmail/EmailLabel</name>
  <powerpagecomponenttype>7</powerpagecomponenttype>
  <powerpagesiteid>
    <powerpagesiteid>6dc36fbc-1f20-4641-8e41-bf3fb5b9a72a</powerpagesiteid>
  </powerpagesiteid>
  <powerpagesitelanguageid>
    <powerpagesitelanguageid>d1f8d8ba-31d1-4964-9d0a-be4e20c8ecd2</powerpagesitelanguageid>
  </powerpagesitelanguageid>
  <statecode>0</statecode>
  <statuscode>1</statuscode>
</powerpagecomponent>