<powerpagecomponent powerpagecomponentid="0a442b67-beed-4bf4-80dc-f601365af737">
  <content>{"display_name":"Profile/EmailConfirmation/WarningText","type":756150000,"value":"Your email requires confirmation"}</content>
  <iscustomizable>1</iscustomizable>
  <name>Profile/EmailConfirmation/WarningText</name>
  <powerpagecomponenttype>7</powerpagecomponenttype>
  <powerpagesiteid>
    <powerpagesiteid>6dc36fbc-1f20-4641-8e41-bf3fb5b9a72a</powerpagesiteid>
  </powerpagesiteid>
  <powerpagesitelanguageid>
    <powerpagesitelanguageid>d1f8d8ba-31d1-4964-9d0a-be4e20c8ecd2</powerpagesitelanguageid>
  </powerpagesitelanguageid>
  <statecode>0</statecode>
  <statuscode>1</statuscode>
</powerpagecomponent>