<powerpagecomponent powerpagecomponentid="457081b9-a5f6-428c-8cce-e35554147082">
  <content>{"display_name":"Account/Conversion/Page Copy","type":756150001,"value":"&lt;p&gt;You have signed in with an account that is no longer supported. To continue using this portal, you must migrate to a different account. Select the button below to sign in with a new or existing supported account.&lt;/p&gt;"}</content>
  <iscustomizable>1</iscustomizable>
  <name>Account/Conversion/PageCopy</name>
  <powerpagecomponenttype>7</powerpagecomponenttype>
  <powerpagesiteid>
    <powerpagesiteid>6dc36fbc-1f20-4641-8e41-bf3fb5b9a72a</powerpagesiteid>
  </powerpagesiteid>
  <powerpagesitelanguageid>
    <powerpagesitelanguageid>d1f8d8ba-31d1-4964-9d0a-be4e20c8ecd2</powerpagesitelanguageid>
  </powerpagesitelanguageid>
  <statecode>0</statecode>
  <statuscode>1</statuscode>
</powerpagecomponent>