<powerpagecomponent powerpagecomponentid="54876523-c375-4dac-80fa-93f064d97aaa">
  <content>{
  "filecontent": null,
  "disablepagevalidation": false,
  "displayimageonly": false,
  "displayorder": 2,
  "displaypagechildlinks": false,
  "openinnewwindow": false,
  "pageid": "312a52db-d630-4ce7-8c79-ad9dd389a2c4",
  "publishingstateid": "9b9e528b-c84c-4cb4-afaa-56d94d4eb921",
  "robotsfollowlink": true,
  "weblinksetid": "7925a911-9393-4e8a-b04d-a43d060c92c6"
}</content>
  <iscustomizable>1</iscustomizable>
  <name>Pages-deleted</name>
  <powerpagecomponenttype>5</powerpagecomponenttype>
  <powerpagesiteid>
    <powerpagesiteid>6dc36fbc-1f20-4641-8e41-bf3fb5b9a72a</powerpagesiteid>
  </powerpagesiteid>
  <statecode>1</statecode>
  <statuscode>2</statuscode>
</powerpagecomponent>