<powerpagecomponent powerpagecomponentid="c19a9193-5e37-46c5-882d-8db3623044a4">
  <content>{
  "filecontent": null,
  "entityname": "Task crud",
  "entitylogicalname": "task",
  "scope": 756150000,
  "append": true,
  "appendto": true,
  "delete": true,
  "read": true,
  "create": true,
  "write": true,
  "parentrelationship": null,
  "parententitypermission": null,
  "contactrelationship": null,
  "accountrelationship": null,
  "childTablePermissions": [],
  "adx_entitypermission_webrole": [
    "b17e9c2b-cacc-ee11-9079-000d3a69a76f",
    "dd20f063-cad2-477c-8f7f-24415ddd6ad0"
  ]
}</content>
  <iscustomizable>1</iscustomizable>
  <name>Task crud</name>
  <powerpagecomponenttype>18</powerpagecomponenttype>
  <powerpagesiteid>
    <powerpagesiteid>6dc36fbc-1f20-4641-8e41-bf3fb5b9a72a</powerpagesiteid>
  </powerpagesiteid>
  <statecode>0</statecode>
  <statuscode>1</statuscode>
</powerpagecomponent>