<powerpagecomponent powerpagecomponentid="bf9b134c-c83b-4a53-b266-943102dde3c4">
  <content>{"copy":"&lt;div class='row sectionBlockLayout' style='display: flex; flex-wrap: wrap; min-height: 50px; background: var(--portalThemeColor2);'&gt;&lt;/div&gt;\r\n&lt;div class='row sectionBlockLayout' style='display: flex; flex-wrap: wrap; min-height: 50px; background: var(--portalThemeColor6);'&gt;&lt;/div&gt;\r\n&lt;div class='row sectionBlockLayout' style='display: flex; flex-wrap: wrap; text-align: left; min-height: 374px;'&gt;\r\n  &lt;div data-component-theme='portalThemeColor7' class='container' style='padding: 0px; display: flex; flex-wrap: wrap;'&gt;\r\n    &lt;div class='col-lg-12 columnBlockLayout' style='flex-grow: 1; display: flex; flex-direction: column; min-width: 300px; padding: 16px;'&gt;\r\n      &lt;img src='/Cat-PC.png' alt='' name='Cat-PC.png' style='width: 200px; height: 161px; margin-left: auto; margin-right: auto;'&gt;\r\n      &lt;h2 style='text-align: center;'&gt;You don’t have access to this&lt;/h2&gt;\r\n      &lt;p style='text-align: center;'&gt;Check your credentials or ask your admin to request access&lt;/p&gt;\r\n    &lt;/div&gt;\r\n  &lt;/div&gt;\r\n&lt;/div&gt;\r\n&lt;div class='row sectionBlockLayout' style='display: flex; flex-wrap: wrap; min-height: 315px; background: var(--portalThemeColor1);'&gt;&lt;/div&gt;\r\n","enablerating":false,"enabletracking":false,"excludefromsearch":true,"feedbackpolicy":756150000,"hiddenfromsitemap":true,"isroot":false,"pagetemplateid":"9667a70c-0a7e-4925-8878-8f4802b5e7f9","parentpageid":"7f86bc5a-e9eb-4558-a54a-aff1f37057aa","partialurl":"access-denied","publishingstateid":"9b9e528b-c84c-4cb4-afaa-56d94d4eb921","rootwebpageid":"4f78ccb6-a4a4-44d8-87b1-6c6d54ec6de3","sharedpageconfiguration":false}</content>
  <iscustomizable>1</iscustomizable>
  <name>Access Denied</name>
  <powerpagecomponenttype>2</powerpagecomponenttype>
  <powerpagesiteid>
    <powerpagesiteid>6dc36fbc-1f20-4641-8e41-bf3fb5b9a72a</powerpagesiteid>
  </powerpagesiteid>
  <powerpagesitelanguageid>
    <powerpagesitelanguageid>d1f8d8ba-31d1-4964-9d0a-be4e20c8ecd2</powerpagesitelanguageid>
  </powerpagesitelanguageid>
  <searchcontent>&lt;div class='row sectionBlockLayout' style='display: flex; flex-wrap: wrap; min-height: 50px; background: var(--portalThemeColor2);'&gt;&lt;/div&gt;
&lt;div class='row sectionBlockLayout' style='display: flex; flex-wrap: wrap; min-height: 50px; background: var(--portalThemeColor6);'&gt;&lt;/div&gt;
&lt;div class='row sectionBlockLayout' style='display: flex; flex-wrap: wrap; text-align: left; min-height: 374px;'&gt;
  &lt;div data-component-theme='portalThemeColor7' class='container' style='padding: 0px; display: flex; flex-wrap: wrap;'&gt;
    &lt;div class='col-lg-12 columnBlockLayout' style='flex-grow: 1; display: flex; flex-direction: column; min-width: 300px; padding: 16px;'&gt;
      &lt;img src='/Cat-PC.png' alt='' name='Cat-PC.png' style='width: 200px; height: 161px; margin-left: auto; margin-right: auto;'&gt;
      &lt;h2 style='text-align: center;'&gt;You don’t have access to this&lt;/h2&gt;
      &lt;p style='text-align: center;'&gt;Check your credentials or ask your admin to request access&lt;/p&gt;
    &lt;/div&gt;
  &lt;/div&gt;
&lt;/div&gt;
&lt;div class='row sectionBlockLayout' style='display: flex; flex-wrap: wrap; min-height: 315px; background: var(--portalThemeColor1);'&gt;&lt;/div&gt;
Access Denied</searchcontent>
  <statecode>0</statecode>
  <statuscode>1</statuscode>
</powerpagecomponent>