<powerpagecomponent powerpagecomponentid="b98097ef-24db-4cf1-ae48-d5dfde9d3b62">
  <content>{"display_name":"Account/Signin/SignIn External Deprecated Form Heading","type":756150000,"value":"Sign in with a legacy account"}</content>
  <iscustomizable>1</iscustomizable>
  <name>Account/Signin/SignInExternalDeprecatedFormHeading</name>
  <powerpagecomponenttype>7</powerpagecomponenttype>
  <powerpagesiteid>
    <powerpagesiteid>6dc36fbc-1f20-4641-8e41-bf3fb5b9a72a</powerpagesiteid>
  </powerpagesiteid>
  <powerpagesitelanguageid>
    <powerpagesitelanguageid>d1f8d8ba-31d1-4964-9d0a-be4e20c8ecd2</powerpagesitelanguageid>
  </powerpagesitelanguageid>
  <statecode>0</statecode>
  <statuscode>1</statuscode>
</powerpagecomponent>