<powerpagecomponent powerpagecomponentid="4702baad-96e8-4593-9f6e-27141cc65325">
  <content>{"display_name":"Search/Facet/All","type":756150000,"value":"All"}</content>
  <iscustomizable>1</iscustomizable>
  <name>Search/Facet/All</name>
  <powerpagecomponenttype>7</powerpagecomponenttype>
  <powerpagesiteid>
    <powerpagesiteid>6dc36fbc-1f20-4641-8e41-bf3fb5b9a72a</powerpagesiteid>
  </powerpagesiteid>
  <powerpagesitelanguageid>
    <powerpagesitelanguageid>d1f8d8ba-31d1-4964-9d0a-be4e20c8ecd2</powerpagesitelanguageid>
  </powerpagesitelanguageid>
  <statecode>0</statecode>
  <statuscode>1</statuscode>
</powerpagecomponent>