<powerpagecomponent powerpagecomponentid="690738eb-597e-4035-94d7-65885573e2e1">
  <content>{"display_name":"Profile/MarketFax","type":756150000,"value":"Fax"}</content>
  <iscustomizable>1</iscustomizable>
  <name>Profile/MarketFax</name>
  <powerpagecomponenttype>7</powerpagecomponenttype>
  <powerpagesiteid>
    <powerpagesiteid>6dc36fbc-1f20-4641-8e41-bf3fb5b9a72a</powerpagesiteid>
  </powerpagesiteid>
  <powerpagesitelanguageid>
    <powerpagesitelanguageid>d1f8d8ba-31d1-4964-9d0a-be4e20c8ecd2</powerpagesitelanguageid>
  </powerpagesitelanguageid>
  <statecode>0</statecode>
  <statuscode>1</statuscode>
</powerpagecomponent>