<powerpagecomponent powerpagecomponentid="58e22c98-c5a5-4233-bd6c-b67e18d87cf2">
  <content>{"display_name":"Account/Signin/Terms And Conditions Button Text","type":756150000,"value":"Continue"}</content>
  <iscustomizable>1</iscustomizable>
  <name>Account/Signin/TermsAndConditionsButtonText</name>
  <powerpagecomponenttype>7</powerpagecomponenttype>
  <powerpagesiteid>
    <powerpagesiteid>6dc36fbc-1f20-4641-8e41-bf3fb5b9a72a</powerpagesiteid>
  </powerpagesiteid>
  <powerpagesitelanguageid>
    <powerpagesitelanguageid>d1f8d8ba-31d1-4964-9d0a-be4e20c8ecd2</powerpagesitelanguageid>
  </powerpagesitelanguageid>
  <statecode>0</statecode>
  <statuscode>1</statuscode>
</powerpagecomponent>