<powerpagecomponent powerpagecomponentid="0c171c6b-cf85-4a77-b319-241e2f864288">
  <content>{
  "filecontent": null,
  "copy": "&lt;div class='row sectionBlockLayout' data-component-theme='portalThemeColor6' style='display: flex; flex-wrap: wrap; height: 15px; min-height: 15px;'&gt;&lt;/div&gt;\r\n&lt;div class='row sectionBlockLayout' style='display: flex; flex-wrap: wrap;text-align: left; min-height: auto; '&gt;\r\n  &lt;div class='container' style='padding: 0px; display: flex; flex-wrap: wrap;'&gt;\r\n    &lt;div class='col-lg-12 columnBlockLayout' style='flex-grow: 1; display: flex; flex-direction: column; min-width: 300px;'&gt;\r\n      &lt;h2&gt;Subpage 2&lt;/h2&gt;\r\n      &lt;p&gt;This page can be customized by adding new sections and components.&lt;/p&gt;\r\n    &lt;/div&gt;\r\n  &lt;/div&gt;\r\n&lt;/div&gt;\r\n&lt;div class='row sectionBlockLayout' style='display: flex; flex-wrap: wrap;text-align: left; min-height: auto; '&gt;\r\n  &lt;div class='container' style='padding: 0px; display: flex; flex-wrap: wrap;'&gt;\r\n    &lt;div class='col-lg-12 columnBlockLayout' style='flex-grow: 1; display: flex; flex-direction: column; min-width: 300px;'&gt;&lt;/div&gt;\r\n  &lt;/div&gt;\r\n&lt;/div&gt;\r\n&lt;div class='row sectionBlockLayout' data-component-theme='portalThemeColor2' style='display: flex; flex-wrap: wrap; min-height: 28px;'&gt;&lt;/div&gt;\r\n&lt;div class='row sectionBlockLayout' data-component-theme='portalThemeColor6' style='display: flex; flex-wrap: wrap;  min-height: 52px;'&gt;&lt;/div&gt;\r\n",
  "displayorder": 2,
  "enablerating": false,
  "enabletracking": false,
  "excludefromsearch": false,
  "feedbackpolicy": 756150000,
  "hiddenfromsitemap": false,
  "isroot": false,
  "pagetemplateid": "9667a70c-0a7e-4925-8878-8f4802b5e7f9",
  "parentpageid": "312a52db-d630-4ce7-8c79-ad9dd389a2c4",
  "partialurl": "subpage-2-deleted",
  "publishingstateid": "9b9e528b-c84c-4cb4-afaa-56d94d4eb921",
  "rootwebpageid": "916b0dc5-1f38-4eb8-af09-b0f08c925143",
  "sharedpageconfiguration": false,
  "summary": "&lt;p&gt;You can include a description of your child page here.&lt;/p&gt;",
  "title": "Subpage 2"
}</content>
  <iscustomizable>1</iscustomizable>
  <name>Subpage 2-deleted</name>
  <powerpagecomponenttype>2</powerpagecomponenttype>
  <powerpagesiteid>
    <powerpagesiteid>6dc36fbc-1f20-4641-8e41-bf3fb5b9a72a</powerpagesiteid>
  </powerpagesiteid>
  <powerpagesitelanguageid>
    <powerpagesitelanguageid>d1f8d8ba-31d1-4964-9d0a-be4e20c8ecd2</powerpagesitelanguageid>
  </powerpagesitelanguageid>
  <searchcontent>Subpage 2&lt;div class='row sectionBlockLayout' data-component-theme='portalThemeColor6' style='display: flex; flex-wrap: wrap; height: 15px; min-height: 15px;'&gt;&lt;/div&gt;
&lt;div class='row sectionBlockLayout' style='display: flex; flex-wrap: wrap;text-align: left; min-height: auto; '&gt;
  &lt;div class='container' style='padding: 0px; display: flex; flex-wrap: wrap;'&gt;
    &lt;div class='col-lg-12 columnBlockLayout' style='flex-grow: 1; display: flex; flex-direction: column; min-width: 300px;'&gt;
      &lt;h2&gt;Subpage 2&lt;/h2&gt;
      &lt;p&gt;This page can be customized by adding new sections and components.&lt;/p&gt;
    &lt;/div&gt;
  &lt;/div&gt;
&lt;/div&gt;
&lt;div class='row sectionBlockLayout' style='display: flex; flex-wrap: wrap;text-align: left; min-height: auto; '&gt;
  &lt;div class='container' style='padding: 0px; display: flex; flex-wrap: wrap;'&gt;
    &lt;div class='col-lg-12 columnBlockLayout' style='flex-grow: 1; display: flex; flex-direction: column; min-width: 300px;'&gt;&lt;/div&gt;
  &lt;/div&gt;
&lt;/div&gt;
&lt;div class='row sectionBlockLayout' data-component-theme='portalThemeColor2' style='display: flex; flex-wrap: wrap; min-height: 28px;'&gt;&lt;/div&gt;
&lt;div class='row sectionBlockLayout' data-component-theme='portalThemeColor6' style='display: flex; flex-wrap: wrap;  min-height: 52px;'&gt;&lt;/div&gt;
Subpage 2-deleted</searchcontent>
  <statecode>1</statecode>
  <statuscode>2</statuscode>
</powerpagecomponent>