<powerpagecomponent powerpagecomponentid="558d0274-9d8f-4b2c-ac0d-32d946767f89">
  <content>{"contentdisposition":756150000,"enabletracking":false,"excludefromsearch":false,"hiddenfromsitemap":false,"parentpageid":"7f86bc5a-e9eb-4558-a54a-aff1f37057aa","partialurl":"Geometric-4.png","publishingstateid":"9b9e528b-c84c-4cb4-afaa-56d94d4eb921"}</content>
  <filecontent mimetype="application/octet-stream">Geometric-4.png</filecontent>
  <iscustomizable>1</iscustomizable>
  <name>Geometric-4.png</name>
  <powerpagecomponenttype>3</powerpagecomponenttype>
  <powerpagesiteid>
    <powerpagesiteid>6dc36fbc-1f20-4641-8e41-bf3fb5b9a72a</powerpagesiteid>
  </powerpagesiteid>
  <statecode>0</statecode>
  <statuscode>1</statuscode>
</powerpagecomponent>