<powerpagecomponent powerpagecomponentid="c660dfb3-7f11-4ff2-8e0d-4bf721f6803b">
  <content>{"display_name":"Account/Conversion/Page Title","type":756150000,"value":"Account Migration"}</content>
  <iscustomizable>1</iscustomizable>
  <name>Account/Conversion/PageTitle</name>
  <powerpagecomponenttype>7</powerpagecomponenttype>
  <powerpagesiteid>
    <powerpagesiteid>6dc36fbc-1f20-4641-8e41-bf3fb5b9a72a</powerpagesiteid>
  </powerpagesiteid>
  <powerpagesitelanguageid>
    <powerpagesitelanguageid>d1f8d8ba-31d1-4964-9d0a-be4e20c8ecd2</powerpagesitelanguageid>
  </powerpagesitelanguageid>
  <statecode>0</statecode>
  <statuscode>1</statuscode>
</powerpagecomponent>