<powerpagecomponent powerpagecomponentid="5121d844-51e0-4ce8-a2eb-5753f5c217da">
  <content>{"adx_entitypermission_webrole":["ffa3af62-6867-45fa-ac3f-20c9737e53fb","d4b1428c-cfea-4357-ab7c-4882bfbf0dfb","dd20f063-cad2-477c-8f7f-24415ddd6ad0"],"append":false,"appendto":false,"create":true,"delete":false,"entitylogicalname":"feedback","entityname":"Feedback","read":false,"scope":756150000,"write":false}</content>
  <iscustomizable>1</iscustomizable>
  <name>Feedback</name>
  <powerpagecomponenttype>18</powerpagecomponenttype>
  <powerpagesiteid>
    <powerpagesiteid>6dc36fbc-1f20-4641-8e41-bf3fb5b9a72a</powerpagesiteid>
  </powerpagesiteid>
  <statecode>0</statecode>
  <statuscode>1</statuscode>
</powerpagecomponent>