<powerpagecomponent powerpagecomponentid="5e75585e-9c0d-475c-a3a2-35549d76ed44">
  <content>{"display_name":"Account/Set Password/Username","type":756150000,"value":"Username"}</content>
  <iscustomizable>1</iscustomizable>
  <name>Account/SetPassword/Username</name>
  <powerpagecomponenttype>7</powerpagecomponenttype>
  <powerpagesiteid>
    <powerpagesiteid>6dc36fbc-1f20-4641-8e41-bf3fb5b9a72a</powerpagesiteid>
  </powerpagesiteid>
  <powerpagesitelanguageid>
    <powerpagesitelanguageid>d1f8d8ba-31d1-4964-9d0a-be4e20c8ecd2</powerpagesitelanguageid>
  </powerpagesitelanguageid>
  <statecode>0</statecode>
  <statuscode>1</statuscode>
</powerpagecomponent>