<powerpagecomponent powerpagecomponentid="e26549a2-f46b-4549-91c9-43ab78d2f74f">
  <content>{"source":"{% if poll %}\r\n&lt;div&gt;\r\n {% unless poll.user_selected_option %}\r\n &lt;div class=\"poll-questionpanel\" data-id=\"{{ poll.id | h }}\" data-name=\"{{ poll.name | h }}\"&gt;\r\n  &lt;h5 class=\"poll-question\"&gt;{{ poll.question }}&lt;/h5&gt;\r\n  &lt;ul class=\"poll-options list-unstyled\"&gt;\r\n   {% for option in poll.options %}\r\n   &lt;li class=\"form-check\"&gt;\r\n    &lt;label for=\"poll_option_{{ option.id | h }}\"&gt;\r\n     &lt;input type=\"radio\" name=\"{{ poll.name | h }}\" value=\"{{ option.id | h }}\" id=\"poll_option_{{ option.id | h }}\" /&gt;\r\n     &lt;span class=\"visually-hidden\"&gt;{{ poll.question }}&lt;/span&gt;\r\n     {{ option.answer | h }}\r\n    &lt;/label&gt;\r\n   &lt;/li&gt;\r\n   {% endfor %}\r\n  &lt;/ul&gt;\r\n  &lt;button type=\"button\" class=\"btn btn-primary poll-submit\"&gt;{{ poll.submit_button_label | default: resx.Submit_Button_Label_Text | h }}&lt;/button&gt;\r\n  &lt;button type=\"button\" class=\"btn btn-default poll-viewresults\"&gt;{{ snippets[\"polls/resultslabel\"] | default: resx.Poll_Results_Label | h }}&lt;/button&gt;\r\n &lt;/div&gt;\r\n {% endunless %}\r\n &lt;div class=\"poll-resultspanel\"&gt;\r\n  &lt;h5 class=\"poll-question\"&gt;{{ poll.question }}&lt;/h5&gt;\r\n  &lt;div class=\"poll-results\"&gt;\r\n   {% for option in poll.options %}\r\n   &lt;div class=\"poll-result\"&gt;\r\n    &lt;span class=\"poll-option\"&gt;{{ option.answer | h }}&lt;/span&gt;\r\n    &lt;span class=\"poll-percentage float-end\"&gt;{{ option.percentage | max_decimals: 0 }}%&lt;/span&gt;\r\n    &lt;div class=\"progress\"&gt;     \r\n     &lt;div class=\"bar progress-bar\" style=\"min-width:2em;width:{{ option.percentage | invariant_culture_decimal_value: 2 }}%\"&gt;{{ option.percentage | max_decimals: 0 }}%&lt;/div&gt;\r\n    &lt;/div&gt;\r\n   &lt;/div&gt;\r\n   {% endfor %}\r\n  &lt;/div&gt;\r\n  &lt;p&gt;{{ snippets[\"polls/totalslabel\"] | default: resx.Poll_Totals_Label | h }} {{ poll.votes }}&lt;/p&gt;\r\n  {% unless poll.user_selected_option %}\r\n  &lt;button type=\"button\" class=\"btn btn-default poll-return\"&gt;{{ snippets[\"polls/returnlabel\"] | default: resx.Poll_Return_Label | h }}&lt;/button&gt;\r\n  {% endunless %}\r\n &lt;/div&gt;\r\n&lt;/div&gt;\r\n{% endif %}\r\n"}</content>
  <iscustomizable>1</iscustomizable>
  <name>Poll Template</name>
  <powerpagecomponenttype>8</powerpagecomponenttype>
  <powerpagesiteid>
    <powerpagesiteid>6dc36fbc-1f20-4641-8e41-bf3fb5b9a72a</powerpagesiteid>
  </powerpagesiteid>
  <statecode>0</statecode>
  <statuscode>1</statuscode>
</powerpagecomponent>