<powerpagecomponent powerpagecomponentid="a84a27f2-9a9a-4681-818f-c625c46d8bdd">
  <content>{
  "entityname": "UserTask",
  "entitylogicalname": "systemuser",
  "scope": 756150000,
  "append": false,
  "appendto": false,
  "delete": false,
  "read": true,
  "create": false,
  "write": false,
  "parentrelationship": null,
  "parententitypermission": null,
  "contactrelationship": null,
  "accountrelationship": null,
  "childTablePermissions": [],
  "adx_entitypermission_webrole": [
    "b17e9c2b-cacc-ee11-9079-000d3a69a76f",
    "dd20f063-cad2-477c-8f7f-24415ddd6ad0"
  ]
}</content>
  <iscustomizable>1</iscustomizable>
  <name>UserTask</name>
  <powerpagecomponenttype>18</powerpagecomponenttype>
  <powerpagesiteid>
    <powerpagesiteid>6dc36fbc-1f20-4641-8e41-bf3fb5b9a72a</powerpagesiteid>
  </powerpagesiteid>
  <statecode>0</statecode>
  <statuscode>1</statuscode>
</powerpagecomponent>