<powerpagecomponent powerpagecomponentid="4505f2a5-616d-4337-a10b-b024f4e92d0a">
  <content>{"copy":"&lt;div class='row sectionBlockLayout' style='display: flex; flex-wrap: wrap; text-align: left; min-height: 150px; padding: 8px; margin: 0px;'&gt;\r\n  &lt;div class='container' style='display: flex; flex-wrap: wrap;'&gt;\r\n    &lt;div class='col-lg-12 columnBlockLayout' style='flex-grow: 1; min-width: 300px; display: flex; flex-direction: column; margin: 50px 0px;'&gt;\r\n      &lt;h1 style=\"font-size: 28px; margin: 0px auto 7px; font-family: 'Segoe UI'; line-height: 37px; color: rgb(0, 0, 0); outline: rgb(255, 255, 255) solid 1.5px; text-align: center;\"&gt;You’re not connected to the internet&lt;/h1&gt;\r\n      &lt;p style='text-align: center;'&gt;&lt;span style=\"font-family: 'Segoe UI'; font-size: 14px; text-align: center; position: relative;\"&gt; Check your connection settings to browse this site &lt;/span&gt;&lt;/p&gt;\r\n    &lt;/div&gt;\r\n  &lt;/div&gt;\r\n&lt;/div&gt;\r\n&lt;div class='row sectionBlockLayout text-start' style='display: flex; flex-wrap: wrap; margin: 0px; min-height: auto; padding: 8px;'&gt;\r\n  &lt;div class='container' style='padding: 0px; display: flex; flex-wrap: wrap; column-gap: 0px;'&gt;\r\n    &lt;div class='col-lg-4 columnBlockLayout' style='flex-grow: 1; display: flex; flex-direction: column; min-width: 300px; margin: 0px; width: calc(33.3333% - 0px);'&gt;&lt;/div&gt;\r\n    &lt;div class='col-lg-4 columnBlockLayout' style='flex-grow: 1; display: flex; flex-direction: column; min-width: 300px; margin: 0px; width: calc(33.3333% - 0px);'&gt;&lt;img src='/OfflinePage.png' alt='' name='OfflinePage.png' style='width: 100%; height: auto; max-width: 100%;'&gt;&lt;/div&gt;\r\n    &lt;div class='col-lg-4 columnBlockLayout' style='flex-grow: 1; display: flex; flex-direction: column; min-width: 300px; margin: 0px; width: calc(33.3333% - 0px);'&gt;&lt;/div&gt;\r\n  &lt;/div&gt;\r\n&lt;/div&gt;\r\n","enablerating":false,"enabletracking":false,"excludefromsearch":false,"feedbackpolicy":756150000,"hiddenfromsitemap":false,"isroot":false,"pagetemplateid":"9667a70c-0a7e-4925-8878-8f4802b5e7f9","parentpageid":"7f86bc5a-e9eb-4558-a54a-aff1f37057aa","partialurl":"default-offline-page","publishingstateid":"9b9e528b-c84c-4cb4-afaa-56d94d4eb921","rootwebpageid":"2fb3466e-ba68-4c4b-ae8f-ad4d725d5702","sharedpageconfiguration":true,"summary":"&lt;p&gt;Offline error page&lt;/p&gt;","title":"Default Offline Page"}</content>
  <iscustomizable>1</iscustomizable>
  <name>Default Offline Page</name>
  <powerpagecomponenttype>2</powerpagecomponenttype>
  <powerpagesiteid>
    <powerpagesiteid>6dc36fbc-1f20-4641-8e41-bf3fb5b9a72a</powerpagesiteid>
  </powerpagesiteid>
  <powerpagesitelanguageid>
    <powerpagesitelanguageid>d1f8d8ba-31d1-4964-9d0a-be4e20c8ecd2</powerpagesitelanguageid>
  </powerpagesitelanguageid>
  <searchcontent>Default Offline Page&lt;div class='row sectionBlockLayout' style='display: flex; flex-wrap: wrap; text-align: left; min-height: 150px; padding: 8px; margin: 0px;'&gt;
  &lt;div class='container' style='display: flex; flex-wrap: wrap;'&gt;
    &lt;div class='col-lg-12 columnBlockLayout' style='flex-grow: 1; min-width: 300px; display: flex; flex-direction: column; margin: 50px 0px;'&gt;
      &lt;h1 style="font-size: 28px; margin: 0px auto 7px; font-family: 'Segoe UI'; line-height: 37px; color: rgb(0, 0, 0); outline: rgb(255, 255, 255) solid 1.5px; text-align: center;"&gt;You’re not connected to the internet&lt;/h1&gt;
      &lt;p style='text-align: center;'&gt;&lt;span style="font-family: 'Segoe UI'; font-size: 14px; text-align: center; position: relative;"&gt; Check your connection settings to browse this site &lt;/span&gt;&lt;/p&gt;
    &lt;/div&gt;
  &lt;/div&gt;
&lt;/div&gt;
&lt;div class='row sectionBlockLayout text-start' style='display: flex; flex-wrap: wrap; margin: 0px; min-height: auto; padding: 8px;'&gt;
  &lt;div class='container' style='padding: 0px; display: flex; flex-wrap: wrap; column-gap: 0px;'&gt;
    &lt;div class='col-lg-4 columnBlockLayout' style='flex-grow: 1; display: flex; flex-direction: column; min-width: 300px; margin: 0px; width: calc(33.3333% - 0px);'&gt;&lt;/div&gt;
    &lt;div class='col-lg-4 columnBlockLayout' style='flex-grow: 1; display: flex; flex-direction: column; min-width: 300px; margin: 0px; width: calc(33.3333% - 0px);'&gt;&lt;img src='/OfflinePage.png' alt='' name='OfflinePage.png' style='width: 100%; height: auto; max-width: 100%;'&gt;&lt;/div&gt;
    &lt;div class='col-lg-4 columnBlockLayout' style='flex-grow: 1; display: flex; flex-direction: column; min-width: 300px; margin: 0px; width: calc(33.3333% - 0px);'&gt;&lt;/div&gt;
  &lt;/div&gt;
&lt;/div&gt;
Default Offline Page</searchcontent>
  <statecode>0</statecode>
  <statuscode>1</statuscode>
</powerpagecomponent>