<powerpagecomponent powerpagecomponentid="6e04ff12-6e76-427e-a6fa-129723523287">
  <content>{"display_name":"Search/Facet/Sort Order/Average User Rating","type":756150000,"value":"Average User Ratings"}</content>
  <iscustomizable>1</iscustomizable>
  <name>Search/Facet/SortOrder/AverageUserRating</name>
  <powerpagecomponenttype>7</powerpagecomponenttype>
  <powerpagesiteid>
    <powerpagesiteid>6dc36fbc-1f20-4641-8e41-bf3fb5b9a72a</powerpagesiteid>
  </powerpagesiteid>
  <powerpagesitelanguageid>
    <powerpagesitelanguageid>d1f8d8ba-31d1-4964-9d0a-be4e20c8ecd2</powerpagesitelanguageid>
  </powerpagesitelanguageid>
  <statecode>0</statecode>
  <statuscode>1</statuscode>
</powerpagecomponent>