<powerpagecomponent powerpagecomponentid="8f1c90dc-4276-42de-a7d0-c822af3ec741">
  <content>{"source":"{% extends \"Layout 3 Column\" %}\r\n\r\n{% block left_aside %}\r\n  &lt;div class=\" d-none d-sm-block d-md-block d-lg-block hidden-xs d-print-none\"&gt;\r\n    {% include \"Side Navigation\" depth_offset: 1 %}\r\n  &lt;/div&gt;\r\n{% endblock %}\r\n\r\n{% block right_aside %}\r\n  &lt;div class=\"d-print-none\"&gt;\r\n    {% include \"Weblink List Group\" weblink_set_name: \"Secondary Navigation\" showdescriptions: true %}\r\n    {% include \"poll\" poll_placement_name: \"Sidebar\" %}\r\n    {% include \"poll\" poll_placement_name: \"Sidebar2\" %}\r\n    {% include \"ad\" ad_placement_name: \"Sidebar Bottom\" %}\r\n  &lt;/div&gt;\r\n{% endblock %}\r\n"}</content>
  <iscustomizable>1</iscustomizable>
  <name>Page with Side Navigation and Sidebar (3 columns)</name>
  <powerpagecomponenttype>8</powerpagecomponenttype>
  <powerpagesiteid>
    <powerpagesiteid>6dc36fbc-1f20-4641-8e41-bf3fb5b9a72a</powerpagesiteid>
  </powerpagesiteid>
  <statecode>0</statecode>
  <statuscode>1</statuscode>
</powerpagecomponent>