<powerpagecomponent powerpagecomponentid="f42374d0-5ec7-47ff-93ff-58c6ffde55f2">
  <content>{"display_name":"EntityList/View Not Available Message","type":756150001,"value":"&lt;div class=\"alert alert-block alert-warning\"&gt;&lt;p&gt;&lt;span class=\"fa fa-exclamation-triangle\" aria-hidden=\"true\"&gt;&lt;/span&gt;The view is not available.&lt;/p&gt;&lt;/div&gt;"}</content>
  <iscustomizable>1</iscustomizable>
  <name>EntityList/ViewNotAvailableMessage</name>
  <powerpagecomponenttype>7</powerpagecomponenttype>
  <powerpagesiteid>
    <powerpagesiteid>6dc36fbc-1f20-4641-8e41-bf3fb5b9a72a</powerpagesiteid>
  </powerpagesiteid>
  <powerpagesitelanguageid>
    <powerpagesitelanguageid>d1f8d8ba-31d1-4964-9d0a-be4e20c8ecd2</powerpagesitelanguageid>
  </powerpagesitelanguageid>
  <statecode>0</statecode>
  <statuscode>1</statuscode>
</powerpagecomponent>