<powerpagecomponent powerpagecomponentid="36db8d16-4993-4605-97c4-a97e15e16137">
  <content>{"display_name":"Profile/SecurityNav/ChangeLogin","type":756150000,"value":"Manage External Authentication"}</content>
  <iscustomizable>1</iscustomizable>
  <name>Profile/SecurityNav/ChangeLogin</name>
  <powerpagecomponenttype>7</powerpagecomponenttype>
  <powerpagesiteid>
    <powerpagesiteid>6dc36fbc-1f20-4641-8e41-bf3fb5b9a72a</powerpagesiteid>
  </powerpagesiteid>
  <powerpagesitelanguageid>
    <powerpagesitelanguageid>d1f8d8ba-31d1-4964-9d0a-be4e20c8ecd2</powerpagesitelanguageid>
  </powerpagesitelanguageid>
  <statecode>0</statecode>
  <statuscode>1</statuscode>
</powerpagecomponent>