<powerpagecomponent powerpagecomponentid="bbe958f3-34f4-49c2-8bb9-a129591b5441">
  <content>{"source":"{% extends 'Layout 2 Column Wide Left' %}\r\n\r\n{% block main %}\r\n  {% include 'Page Copy' %}\r\n  \r\n  {% if page.adx_entitylist %}\r\n    {% include 'entity_list' key: page.adx_entitylist.id %}\r\n  {% endif %}\r\n  \r\n  {% if page.adx_entityform %}\r\n    {% entityform id: page.adx_entityform.id %}\r\n  {% endif %}\r\n  \r\n  {% if page.adx_webform %}\r\n    {% webform id: page.adx_webform.id %}\r\n  {% endif %}\r\n  \r\n  &lt;div class=\"page-metadata clearfix\"&gt;\r\n    {% editable snippets \"Social Share Widget Code Page Bottom\" type: 'text' %}\r\n  &lt;/div&gt;\r\n{% endblock %}\r\n\r\n{% block aside %}\r\n  {% include \"Weblink List Group\" weblink_set_name: \"Secondary Navigation\" showdescriptions: true %}\r\n  {% include \"poll\" poll_placement_name: \"Sidebar\" %}\r\n  {% include \"ad\" ad_placement_name: \"Sidebar Bottom\" %}\r\n{% endblock %}"}</content>
  <iscustomizable>1</iscustomizable>
  <name>Page</name>
  <powerpagecomponenttype>8</powerpagecomponenttype>
  <powerpagesiteid>
    <powerpagesiteid>6dc36fbc-1f20-4641-8e41-bf3fb5b9a72a</powerpagesiteid>
  </powerpagesiteid>
  <statecode>0</statecode>
  <statuscode>1</statuscode>
</powerpagecomponent>