<powerpagecomponent powerpagecomponentid="326bd695-f10d-48e6-95b2-9499a2993af7">
  <content>{"createdOn":"2024-02-16T10:23:59.332Z","parentpageid":"7f86bc5a-e9eb-4558-a54a-aff1f37057aa","publishingstateid":"9b9e528b-c84c-4cb4-afaa-56d94d4eb921","partialurl":"thumbnail.css","title":"","summary":"","enabletracking":false,"excludefromsearch":false,"hiddenfromsitemap":false,"displayorder":-1}</content>
  <filecontent mimetype="text/css">thumbnail.css</filecontent>
  <iscustomizable>1</iscustomizable>
  <name>thumbnail.css</name>
  <powerpagecomponenttype>3</powerpagecomponenttype>
  <powerpagesiteid>
    <powerpagesiteid>6dc36fbc-1f20-4641-8e41-bf3fb5b9a72a</powerpagesiteid>
  </powerpagesiteid>
  <statecode>0</statecode>
  <statuscode>1</statuscode>
</powerpagecomponent>