<powerpagecomponent powerpagecomponentid="0e710476-53eb-4ecc-9331-a55c085e7898">
  <content>{"display_name":"Profile Form Legend","type":756150000,"value":"Your Information"}</content>
  <iscustomizable>1</iscustomizable>
  <name>Profile Form Legend</name>
  <powerpagecomponenttype>7</powerpagecomponenttype>
  <powerpagesiteid>
    <powerpagesiteid>6dc36fbc-1f20-4641-8e41-bf3fb5b9a72a</powerpagesiteid>
  </powerpagesiteid>
  <powerpagesitelanguageid>
    <powerpagesitelanguageid>d1f8d8ba-31d1-4964-9d0a-be4e20c8ecd2</powerpagesitelanguageid>
  </powerpagesitelanguageid>
  <statecode>0</statecode>
  <statuscode>1</statuscode>
</powerpagecomponent>