<powerpagecomponent powerpagecomponentid="20284151-40ed-42f8-b20c-36c7d66a7e19">
  <content>{"value":"{\"status\":\"enable\",\"selectedThemeId\":\"329a43fa-5471-4678-8330-d3a0b404e9bb\",\"version\":\"V2\"}"}</content>
  <iscustomizable>1</iscustomizable>
  <name>ThemeFeature</name>
  <powerpagecomponenttype>9</powerpagecomponenttype>
  <powerpagesiteid>
    <powerpagesiteid>6dc36fbc-1f20-4641-8e41-bf3fb5b9a72a</powerpagesiteid>
  </powerpagesiteid>
  <statecode>0</statecode>
  <statuscode>1</statuscode>
</powerpagecomponent>