<powerpagecomponent powerpagecomponentid="5a35471b-cb6d-4b0b-ad5e-74bc2f53f57d">
  <content>{"source":"{% assign poll_name = poll_name %}\r\n{% assign poll_placement_name = poll_placement_name %}\r\n\r\n{% if poll_name %}\r\n  {% assign poll_by_name = polls[poll_name] %}\r\n  &lt;div class=\"poll\" data-url=\"{{ poll_by_name.poll_url }}\" data-submit-url=\"{{ poll_by_name.submit_url }}\"&gt;&lt;/div&gt;\r\n{% elseif poll_placement_name %}\r\n  {% assign placement = polls.placements[poll_placement_name] %}\r\n  {% include \"Random Poll\" placement:placement %}\r\n{% endif %}"}</content>
  <iscustomizable>1</iscustomizable>
  <name>Poll</name>
  <powerpagecomponenttype>8</powerpagecomponenttype>
  <powerpagesiteid>
    <powerpagesiteid>6dc36fbc-1f20-4641-8e41-bf3fb5b9a72a</powerpagesiteid>
  </powerpagesiteid>
  <statecode>0</statecode>
  <statuscode>1</statuscode>
</powerpagecomponent>