<powerpagecomponent powerpagecomponentid="cd039a89-15ea-7e8c-bb52-f6f3dcb125eb">
  <content>{
  "displayorder": 9,
  "customcss": "",
  "customjavascript": "",
  "pagetemplateid": "9667a70c-0a7e-4925-8878-8f4802b5e7f9",
  "parentpageid": "7f86bc5a-e9eb-4558-a54a-aff1f37057aa",
  "partialurl": "Update-Task",
  "isroot": false,
  "rootwebpageid": "e271d18a-99f1-0967-c0db-145346fcadcc",
  "title": "Update Task",
  "summary": "&lt;p&gt;This is a sample landing page designed to be a starting point for your website&lt;/p&gt;",
  "copy": "&lt;div class=\"row sectionBlockLayout text-start\" style=\"min-height: auto; padding: 8px;\"&gt;\n    &lt;div class=\"container\" style=\"display: flex; flex-wrap: wrap;\"&gt;\n      &lt;div class=\"col-lg-12 columnBlockLayout\" style=\"padding: 16px; margin: 60px 0px; min-height: 200px;\"&gt;&lt;/div&gt;\n    &lt;/div&gt;\n  &lt;/div&gt;\n  ",
  "publishingstateid": "9b9e528b-c84c-4cb4-afaa-56d94d4eb921",
  "enablerating": false,
  "enabletracking": false,
  "excludefromsearch": false,
  "hiddenfromsitemap": true,
  "sharedpageconfiguration": false
}</content>
  <iscustomizable>1</iscustomizable>
  <name>Update Task</name>
  <powerpagecomponenttype>2</powerpagecomponenttype>
  <powerpagesiteid>
    <powerpagesiteid>6dc36fbc-1f20-4641-8e41-bf3fb5b9a72a</powerpagesiteid>
  </powerpagesiteid>
  <powerpagesitelanguageid>
    <powerpagesitelanguageid>d1f8d8ba-31d1-4964-9d0a-be4e20c8ecd2</powerpagesitelanguageid>
  </powerpagesitelanguageid>
  <searchcontent>Update Task&lt;div class="row sectionBlockLayout text-start" style="min-height: auto; padding: 8px;"&gt;
    &lt;div class="container" style="display: flex; flex-wrap: wrap;"&gt;
      &lt;div class="col-lg-12 columnBlockLayout" style="padding: 16px; margin: 60px 0px; min-height: 200px;"&gt;&lt;/div&gt;
    &lt;/div&gt;
  &lt;/div&gt;
  Update Task</searchcontent>
  <statecode>0</statecode>
  <statuscode>1</statuscode>
</powerpagecomponent>